{"position": [-0.10815967540899091, 0.44268728999096585, 0.01], "orientation": [0.0, 0.0, 0.7820721558072198, 0.6231878874874316]}