{"position": [-0.011750158721251541, 0.4024699439669602, 0.01], "orientation": [0.0, 0.0, 0.7545042235495953, 0.656295190174225]}