{"position": [-0.12412579321819955, 0.41474639581834327, 0.01], "orientation": [0.0, 0.0, 0.9976173597142807, -0.0689898803934856]}