{"position": [0.009806712983142368, 0.481305628688091, 0.01], "orientation": [0.0, 0.0, 0.15840360343684498, 0.9873744469137444]}