{"position": [0.017514543614393974, 0.43594190955959417, 0.01], "orientation": [0.0, 0.0, 0.23271076916060812, -0.9725459875587776]}