{"position": [-0.0032310576740953445, 0.48242851353881305, 0.01], "orientation": [0.0, 0.0, 0.05345765527006359, -0.9985701172641944]}