{"position": [-0.015830123200019475, 0.436706011414288, 0.01], "orientation": [0.0, 0.0, 0.007126592547397972, -0.9999746055168918]}