{"position": [-0.1116870175232994, 0.49820926181495995, 0.01], "orientation": [0.0, 0.0, 0.09913000811687395, -0.995074490423078]}