{"position": [0.031228756640795892, 0.58319342574044, 0.002500047735147734], "orientation": [2.318576791574924e-07, -3.282025284082384e-08, 0.824172205831574, -0.5663392756419624]}