{"position": [0.041460441088825656, 0.4796162438594826, 0.01], "orientation": [0.0, 0.0, 0.9995978844610699, -0.028356117169909812]}