{"position": [-0.12779361256873506, 0.4091030811822689, 0.01], "orientation": [0.0, 0.0, 0.830914608568966, 0.5563999580038463]}