{"position": [0.06321118032180961, 0.48760749877712334, 0.01], "orientation": [0.0, 0.0, 0.8031291067036657, -0.595805033517989]}