{"position": [-0.040552264664696025, 0.4721316970264795, 0.01], "orientation": [0.0, 0.0, 0.5640345246903585, -0.8257512064522349]}