{"position": [0.008277061285667643, 0.5944207381455078, 0.0025000270230037588], "orientation": [1.56479530093563e-07, 7.768365742460816e-08, 0.06297038872137602, -0.9980153957450999]}