{"position": [-0.0741203611947488, 0.4551548947952973, 0.01], "orientation": [0.0, 0.0, 0.7780852788760559, -0.6281586573441221]}