{"position": [0.02847590775161038, 0.5913841072151182, 0.002500037669151457], "orientation": [2.0286503203683513e-07, 8.214677501016874e-09, 0.6143874263021933, -0.7890044932709355]}