{"position": [0.08899608976014983, 0.4979633245131085, 0.01], "orientation": [0.0, 0.0, 0.9685090225723619, 0.24897845930105708]}