{"position": [0.023775458485681217, 0.4949146231080049, 0.01], "orientation": [0.0, 0.0, 0.7135973003403028, 0.70055613118938]}