{"position": [0.07397274236951926, 0.4718080657692412, 0.01], "orientation": [0.0, 0.0, 0.27330757198568945, 0.9619266973607122]}