{"position": [0.015082940694472888, 0.5686733712982146, 0.002500009965998288], "orientation": [1.3115924251741396e-07, -6.407413070026017e-08, 0.5427374102810506, -0.8399024368826401]}